employee_id,day,tasks,avg_task_duration,help_delay_minutes,dependency,total_work_minutes,overload
1,1,17,17.866426061990467,24.174336312572315,1,303.72924305383793,0
1,2,15,17.866572726066465,22.48502480646386,1,267.998590890997,0
1,3,18,15.931386443001925,29.553673266752497,0,286.76495597403465,0
1,4,13,15.912979917597017,34.73932297810571,0,206.86873892876122,0
1,5,11,41.79699238628459,27.73964693300075,0,459.76691624913053,0
1,6,15,17.941417192655415,34.654867584177154,0,269.1212578898312,0
1,7,12,14.867040174465803,26.050741314370796,0,178.40448209358965,0
1,8,11,50.7108094621753,29.67022868534262,0,557.8189040839283,1
1,9,14,29.056240804888112,25.15245093286446,0,406.78737126843356,0
1,10,13,21.88243238253457,39.86306286352517,0,284.47162097294944,0
1,11,11,23.61877589990407,24.729185247368857,1,259.80653489894473,0
1,12,17,16.56776367073926,21.287103390206365,1,281.65198240256746,0
1,13,16,13.202302396885194,40.937001353048544,0,211.2368383501631,0
1,14,12,17.208334184479988,29.658917978464185,0,206.50001021375985,0
1,15,17,19.37522017817798,25.989847559119557,1,329.37874302902566,0
1,16,17,33.17400041010233,38.27738544405458,0,563.9580069717396,1
1,17,14,20.979033497809603,29.711168535397682,0,293.7064689693344,0
1,18,20,17.296364324536246,31.19121890768511,1,345.9272864907249,0
1,19,11,13.406681452579269,43.50527840516192,1,147.47349597837197,0
1,20,15,15.628895525918004,39.14657870252282,0,234.43343288877006,0
1,21,19,14.139516315536408,28.26925321674107,0,268.65080999519176,0
1,22,13,17.050319229654068,25.99663323875196,0,221.6541499855029,0
1,23,22,51.577882692301465,30.459727776399234,1,1134.7134192306323,1
1,24,24,21.917576753801683,32.631900032975146,0,526.0218420912404,1
1,25,11,20.69961508085208,23.929837830623143,0,227.6957658893729,0
1,26,20,68.82871700921966,26.593061627754356,0,1376.5743401843931,1
1,27,16,29.83004101612506,30.523600939381836,0,477.280656258001,0
1,28,15,12.747131585434296,25.20451064138815,1,191.20697378151445,0
1,29,12,21.111663970207392,36.09096038920622,0,253.33996764248872,0
1,30,14,15.61547130227253,35.40903273410806,0,218.61659823181543,0
1,31,16,13.576947989514531,43.278108225145075,1,217.2311678322325,0
1,32,11,17.09813241243649,39.527813987553955,0,188.07945653680142,0
1,33,14,22.872639100736155,30.085630178919054,0,320.21694741030615,0
1,34,19,29.693003209665005,35.344591022171116,0,564.1670609836351,1
1,35,10,23.25537380325288,21.232264238654032,0,232.5537380325288,0
1,36,14,14.052836914029246,35.54928222203341,0,196.73971679640945,0
1,37,16,35.84835891268466,35.501025533794774,1,573.5737426029546,1
1,38,16,13.32522480493636,25.301172544676106,0,213.20359687898176,0
1,39,11,19.32595759331068,41.95189047702928,0,212.58553352641746,0
1,40,18,23.821201117603437,34.06708848878572,0,428.78162011686186,0
1,41,10,11.758233880579189,44.022973198299056,1,117.58233880579189,0
1,42,20,25.56530624726067,22.153365960226044,1,511.30612494521336,1
1,43,12,16.06659905149619,27.130766018165772,0,192.7991886179543,0
1,44,21,30.821096202748556,33.93876412145127,0,647.2430202577196,1
1,45,9,24.02016486237151,36.5170272045502,1,216.18148376134357,0
1,46,12,26.586199441973417,39.304986829699935,1,319.034393303681,0
1,47,14,26.720879280906892,36.62764517202082,1,374.0923099326965,0
1,48,19,35.43793370812401,30.644116439283025,0,673.3207404543562,1
1,49,15,63.90063401595895,29.27158970395505,0,958.5095102393842,1
1,50,3,7.8960876585065485,39.6830400018123,0,23.688262975519645,0
1,51,9,14.04614731006821,34.95786868463781,0,126.41532579061389,0
1,52,6,28.213451689233178,33.39822518421792,0,169.28071013539906,0
1,53,14,14.427076703544767,31.652870862812943,0,201.97907384962673,0
1,54,18,30.760046840153837,31.168424565336068,0,553.680843122769,1
1,55,9,48.55645395726399,35.721289485063394,0,437.00808561537593,0
1,56,15,24.593713351965565,31.33881133091126,0,368.9057002794835,0
1,57,12,25.075962402613253,32.23780130311552,0,300.911548831359,0
1,58,14,29.58646599040717,27.2083674277193,0,414.2105238657004,0
1,59,13,16.1186624110148,30.629082850207705,0,209.5426113431924,0
1,60,14,21.44240039468564,35.689730225162315,0,300.19360552559897,0
2,1,7,20.798919588445738,44.01152313647072,0,145.59243711912018,0
2,2,13,16.56584758344639,31.97090502257282,0,215.35601858480308,0
2,3,22,23.11532769044041,24.621319566754575,0,508.537209189689,1
2,4,18,14.711805108303285,39.44922228237944,0,264.8124919494591,0
2,5,9,31.494090898693706,37.39217014242068,1,283.44681808824333,0
2,6,11,23.421391242454803,37.76761883297103,1,257.63530366700286,0
2,7,12,26.404876013662854,40.78304014904085,0,316.85851216395423,0
2,8,14,18.1542314954496,29.798718299307495,1,254.1592409362944,0
2,9,13,23.619748813855235,44.5561308026858,0,307.0567345801181,0
2,10,15,18.82015693421526,29.37887154776199,0,282.30235401322886,0
2,11,16,27.44159446586401,25.230853746245167,0,439.0655114538242,0
2,12,13,27.499635626303384,30.26548727561907,0,357.495263141944,0
2,13,15,22.702686955233307,24.672141041242018,1,340.5403043284996,0
2,14,16,15.588421268866648,25.044929556055028,1,249.41474030186637,0
2,15,12,14.024108570790263,38.43661596056163,0,168.28930284948316,0
2,16,13,18.052359999810694,25.77574624545135,0,234.68067999753902,0
2,17,6,23.60265675757486,37.656051181216526,0,141.61594054544915,0
2,18,24,13.28166520624439,29.25816536277886,1,318.7599649498654,0
2,19,7,20.333201403454826,35.088232260431276,0,142.33240982418377,0
2,20,13,25.76454045550124,34.207235427381946,1,334.93902592151613,0
2,21,5,60.03342356920644,29.122190246554815,0,300.1671178460322,0
2,22,14,13.40799079651996,34.1947371774628,0,187.71187115127944,0
2,23,16,32.304673788435,36.246407870389916,0,516.87478061496,1
2,24,22,15.052561441605532,34.770066236568,0,331.1563517153217,0
2,25,5,36.223933991960166,47.23697223846134,0,181.11966995980083,0
2,26,15,15.885586266221054,45.751310636062215,1,238.2837939933158,0
2,27,18,9.050193788738165,24.112499117966852,1,162.90348819728698,0
2,28,18,14.884382196835583,31.843086197981116,0,267.9188795430405,0
2,29,11,9.327275102872408,25.83671805554189,0,102.60002613159648,0
2,30,14,38.04761535343903,33.03232781632071,1,532.6666149481464,1
2,31,15,17.734606953036526,26.340707258279018,0,266.0191042955479,0
2,32,17,32.64806129255321,36.67513080212545,0,555.0170419734045,1
2,33,9,34.09709682010588,30.90409538827342,0,306.87387138095295,0
2,34,20,8.336389898654726,32.92351597944959,1,166.72779797309454,0
2,35,13,8.570351786118092,31.985601695947675,1,111.4145732195352,0
2,36,14,19.535359877957205,35.16896876781777,0,273.4950382914009,0
2,37,7,24.126217759972373,27.386746599128973,0,168.8835243198066,0
2,38,20,12.554260710884165,35.87677951431106,0,251.0852142176833,0
2,39,10,15.407758647249723,27.28719049312038,0,154.07758647249725,0
2,40,9,13.51180278519654,27.867662646665636,0,121.60622506676886,0
2,41,14,14.155981363928326,41.29064723782911,1,198.18373909499655,0
2,42,7,22.353657526013578,39.21671515148732,1,156.47560268209503,0
2,43,10,17.504782887138617,34.865696676694284,0,175.04782887138617,0
2,44,14,6.353713325328321,23.317372584920086,0,88.95198655459649,0
2,45,14,18.841110370218345,33.25396643598891,0,263.7755451830568,0
2,46,11,12.45634061607081,22.453845825091282,0,137.0197467767789,0
2,47,10,46.69190539023781,38.75290006999151,0,466.9190539023781,0
2,48,8,31.21253816881681,34.25530790432939,1,249.70030535053448,0
2,49,13,12.964189120578594,35.42434717753475,0,168.5344585675217,0
2,50,15,10.060331682120884,25.52582498692468,0,150.90497523181327,0
2,51,11,14.936427648314234,27.211940001721203,1,164.30070413145657,0
2,52,7,13.039779086818356,31.19144067701614,1,91.2784536077285,0
2,53,9,15.053557390356804,27.160047221703202,0,135.48201651321125,0
2,54,21,29.303167410063292,33.967770388431305,0,615.3665156113291,1
2,55,17,13.713358376262107,32.811812987131916,0,233.12709239645582,0
2,56,9,8.146260190991903,29.30532997652833,0,73.31634171892713,0
2,57,9,14.49903283400663,30.04912450332949,0,130.49129550605969,0
2,58,12,20.567236235787934,28.740262949655985,0,246.80683482945523,0
2,59,17,5.836771099031064,30.23439755347177,1,99.22510868352809,0
2,60,9,13.484654999764643,43.91758880809779,0,121.36189499788179,0
3,1,7,36.01339781791492,26.47547009782972,1,252.09378472540445,0
3,2,10,22.810259701410207,27.01995294708575,1,228.10259701410206,0
3,3,16,31.048868041227777,30.90725437380944,1,496.78188865964444,1
3,4,13,17.064294403414944,32.04471864330063,0,221.83582724439427,0
3,5,17,23.652378646089417,30.773318872564793,0,402.0904369835201,0
3,6,20,18.001403653315375,25.921943280082072,1,360.0280730663075,0
3,7,15,23.78959270518196,34.90177671237798,0,356.8438905777294,0
3,8,9,16.31942380831429,28.634045514377355,1,146.87481427482862,0
3,9,12,17.550150622493618,38.971728125754794,0,210.60180746992341,0
3,10,11,12.312538607266523,37.039364287491324,0,135.43792467993177,0
3,11,16,13.641346989673915,27.38101043492202,1,218.26155183478264,0
3,12,15,10.779785295406047,32.03346116210692,1,161.6967794310907,0
3,13,9,68.22942953006401,22.330891491737045,1,614.064865770576,1
3,14,21,21.42611683945149,36.50891013765512,1,449.9484536284813,0
3,15,16,51.47067604090453,31.41178875688765,1,823.5308166544725,1
3,16,13,39.35842369873058,46.984161704832424,1,511.6595080834976,1
3,17,19,8.617264450179526,24.053207575070566,0,163.728024553411,0
3,18,18,43.15400201154235,30.002487730087186,0,776.7720362077623,1
3,19,14,10.538334885493015,37.45012943755391,0,147.5366883969022,0
3,20,11,10.511402433184386,26.5005466011667,0,115.62542676502825,0
3,21,14,17.895203837337856,34.13661480537102,0,250.53285372272998,0
3,22,9,28.448720399965058,25.060128498723444,1,256.03848359968555,0
3,23,14,20.22591384706106,27.935469609838837,1,283.16279385885485,0
3,24,10,19.844709673940557,23.311329091834345,0,198.44709673940557,0
3,25,15,17.681367319405243,33.10722526038271,0,265.22050979107865,0
3,26,13,42.60605989825526,26.824373508184745,0,553.8787786773183,1
3,27,12,11.52723016937888,22.759693225361012,0,138.32676203254655,0
3,28,16,48.23742739528861,22.85110465452341,0,771.7988383246178,1
3,29,11,15.452021973626142,35.56558503821942,0,169.97224170988756,0
3,30,8,25.653686400655808,37.09109451244589,1,205.22949120524646,0
3,31,18,11.698590169385136,29.377863246939782,1,210.57462304893247,0
3,32,10,27.329530024574776,27.377711740569644,0,273.29530024574774,0
3,33,13,15.465913754921012,28.821962935162887,0,201.05687881397316,0
3,34,15,33.93695752101007,34.982987804142944,0,509.0543628151511,1
3,35,15,22.32057131200025,38.09048600890265,0,334.80856968000376,0
3,36,19,19.137379110344494,42.04583983920708,1,363.6102030965454,0
3,37,13,23.427273654666653,35.1705337889622,0,304.5545575106665,0
3,38,10,8.541322059062123,22.348872700731143,1,85.41322059062124,0
3,39,9,24.633969831693367,35.5380579800332,1,221.70572848524031,0
3,40,10,8.573775618829266,26.408251635246714,1,85.73775618829266,0
3,41,19,46.188794354598556,27.253370498398304,1,877.5870927373726,1
3,42,13,33.354244395982384,33.01031557590614,0,433.605177147771,0
3,43,10,22.051560761857317,28.57932007238314,0,220.51560761857317,0
3,44,11,13.767469596834314,37.01645437912075,0,151.44216556517745,0
3,45,15,25.70431689697896,37.332847925683936,0,385.56475345468436,0
3,46,15,22.030284211594374,32.61666741734318,0,330.4542631739156,0
3,47,12,19.73721134452389,36.326720870860626,0,236.84653613428668,0
3,48,11,48.686428603757754,39.02956369971493,0,535.5507146413353,1
3,49,11,13.963285380490708,42.95643167686617,0,153.5961391853978,0
3,50,22,17.74742938803521,27.45250821211127,0,390.4434465367747,0
3,51,18,30.47665794321661,28.654501872306447,0,548.5798429778989,1
3,52,22,25.269295437092985,36.70884141654359,1,555.9244996160456,1
3,53,10,11.698629869739172,43.26484723454013,1,116.98629869739172,0
3,54,22,34.00734146219973,40.90195573728002,1,748.1615121683941,1
3,55,12,21.0744285503253,28.306783444048058,0,252.8931426039036,0
3,56,12,15.94048908313249,24.427968184131714,0,191.2858689975899,0
3,57,14,33.64694517777667,41.728763631820954,0,471.0572324888734,0
3,58,11,9.55648339310142,41.1715983519415,0,105.12131732411562,0
3,59,19,15.50799620272913,32.334365909550414,0,294.6519278518535,0
3,60,17,40.63678618674994,31.367077560571506,1,690.825365174749,1
4,1,11,10.25509591503814,29.428278535172634,0,112.80605506541954,0
4,2,5,12.688220289260617,47.28585811749255,0,63.44110144630308,0
4,3,13,32.85688129464028,44.241459679297726,0,427.13945683032364,0
4,4,15,18.047471247757766,47.69808246937166,0,270.7120687163665,0
4,5,22,23.210025569718226,28.318710447859548,0,510.620562533801,1
4,6,11,68.55594107100995,38.50002974525812,0,754.1153517811094,1
4,7,13,13.247676962122924,39.48809603327592,0,172.219800507598,0
4,8,11,25.42436021992402,34.37194704721736,0,279.6679624191642,0
4,9,11,23.171722913848434,35.61755196023337,0,254.88895205233277,0
4,10,8,23.741590771271515,30.59930697648634,0,189.93272617017212,0
4,11,17,15.505493034735629,40.55141007500385,0,263.5933815905057,0
4,12,14,22.463549555850125,39.74371312584761,0,314.48969378190174,0
4,13,16,26.895637336692918,38.9752829044985,0,430.3301973870867,0
4,14,16,16.78278996677568,36.52717093560414,0,268.5246394684109,0
4,15,15,18.47541556298362,30.026800770920175,1,277.1312334447543,0
4,16,10,21.614336972142297,39.96408981579873,0,216.14336972142297,0
4,17,15,27.736301830003526,38.50683842846914,0,416.0445274500529,0
4,18,17,59.24179927959949,45.287803305824,0,1007.1105877531913,1
4,19,16,34.35734674812952,24.49501729035957,0,549.7175479700724,1
4,20,12,12.022048637233285,23.704404155023294,1,144.26458364679942,0
4,21,17,43.93722956755346,36.21512517154773,0,746.9329026484088,1
4,22,13,19.435958269394998,27.00622197460948,1,252.66745750213497,0
4,23,16,22.689456764652505,35.60231715062042,0,363.0313082344401,0
4,24,22,15.149396325072802,31.544672330883994,1,333.28671915160163,0
4,25,13,9.367417218381185,46.899449851380716,0,121.7764238389554,0
4,26,20,14.211421397209723,27.995712051313816,0,284.22842794419444,0
4,27,16,19.277226224406927,45.63148271708043,0,308.43561959051084,0
4,28,17,35.11568566861308,26.274827750999727,0,596.9666563664224,1
4,29,20,19.20426045001858,25.93232304318623,0,384.0852090003716,0
4,30,16,41.26681259173232,27.756121325127722,0,660.2690014677171,1
4,31,7,30.579253061841964,29.64927912732719,0,214.05477143289374,0
4,32,13,14.493322271502429,34.50846453289998,0,188.41318952953156,0
4,33,17,12.38532034828703,28.521355805196627,1,210.5504459208795,0
4,34,9,19.612052915993527,34.86373363708446,1,176.50847624394174,0
4,35,15,22.291187120689727,25.13419416690195,0,334.3678068103459,0
4,36,13,7.236463106190612,33.89175704668367,0,94.07402038047796,0
4,37,18,40.4342710340888,23.078285796948133,1,727.8168786135984,1
4,38,6,31.890776863715928,36.7877447674725,1,191.34466118229557,0
4,39,16,33.9461809639038,24.902494662455283,1,543.1388954224608,1
4,40,14,15.36945954910786,31.87242351308317,0,215.17243368751005,0
4,41,14,14.502064204025542,41.22903311802632,0,203.02889885635759,0
4,42,10,15.769174966688995,35.69002674008528,0,157.69174966688996,0
4,43,15,20.47084623523247,27.737101219367855,0,307.0626935284871,0
4,44,7,21.327891225830385,28.79231861077407,0,149.29523858081268,0
4,45,17,10.882077484850576,47.27782040299225,0,184.9953172424598,0
4,46,19,9.658250845119156,31.64705068698097,1,183.50676605726397,0
4,47,14,18.424593032250524,29.11308614962656,0,257.9443024515073,0
4,48,20,31.24408157804319,34.959386652735525,0,624.8816315608638,1
4,49,17,25.71347293215485,27.341997865776904,0,437.12903984663245,0
4,50,25,22.881686693407875,40.65286439714002,0,572.0421673351968,1
4,51,11,29.54307463064479,30.392348984130184,0,324.9738209370927,0
4,52,10,4.834263012544196,45.71600576578032,0,48.34263012544196,0
4,53,16,15.897301841832636,45.74472410378914,0,254.35682946932218,0
4,54,11,23.885030907769682,27.13634160661205,0,262.7353399854665,0
4,55,12,9.22308011516773,34.84371391014336,1,110.67696138201276,0
4,56,10,16.215092097533663,23.31684007453825,1,162.15092097533665,0
4,57,16,24.311943365293196,34.22700468008854,1,388.99109384469114,0
4,58,10,24.903810492642933,28.995825890661564,0,249.03810492642933,0
4,59,4,28.97171585197633,29.73893379652132,0,115.88686340790532,0
4,60,5,19.29105872266418,47.1676994819243,1,96.45529361332089,0
5,1,13,57.06479361822685,26.472663781388142,0,741.8423170369491,1
5,2,12,18.731473537066396,27.78177586652844,0,224.77768244479677,0
5,3,25,14.70394050830637,41.10535850224998,0,367.59851270765927,0
5,4,16,52.301009706356176,44.23532582745685,0,836.8161553016988,1
5,5,14,22.210152926396468,23.019290961310464,1,310.94214096955056,0
5,6,16,33.96488504091532,28.043789263731064,0,543.4381606546451,1
5,7,13,23.36683554395041,49.40690259012531,0,303.76886207135533,0
5,8,15,13.775092567640773,41.46239710344928,0,206.6263885146116,0
5,9,12,27.077416335993224,38.98583590621516,0,324.9289960319187,0
5,10,18,28.519451725648917,33.46801460128003,0,513.3501310616805,1
5,11,12,44.57853796290421,30.84627609999057,0,534.9424555548505,1
5,12,11,13.151283071496215,28.25717192378513,0,144.66411378645836,0
5,13,15,14.238147801593144,30.70936673168913,1,213.57221702389717,0
5,14,14,61.94320412306335,22.77355723610145,0,867.2048577228869,1
5,15,13,33.49128366946555,34.661911973002205,1,435.3866877030522,0
5,16,23,68.02506248101344,27.663771637063817,0,1564.576437063309,1
5,17,12,8.615144069181225,29.244558972096875,0,103.3817288301747,0
5,18,18,19.121821820874793,29.66396966814368,0,344.1927927757463,0
5,19,16,12.289635971325518,27.371892895342697,0,196.6341755412083,0
5,20,10,17.951674993851917,36.78742103272263,0,179.51674993851918,0
5,21,15,19.889284125454854,39.21090967064854,0,298.3392618818228,0
5,22,22,26.47616719519435,39.58430586355735,1,582.4756782942757,1
5,23,11,9.961198185401235,40.19779523372584,1,109.57318003941359,0
5,24,12,48.172502542330214,38.52460498049488,0,578.0700305079625,1
5,25,18,14.342894859970354,34.97720381573203,0,258.1721074794664,0
5,26,15,23.092250409001643,37.43513816098678,1,346.38375613502467,0
5,27,10,20.530379910317475,34.64605658644231,0,205.30379910317475,0
5,28,11,18.662179685579233,34.40146805342579,0,205.28397654137154,0
5,29,16,46.47201981324797,36.41551218465053,1,743.5523170119675,1
5,30,9,15.22906661600174,37.13933478692664,0,137.06159954401565,0
5,31,11,15.016649362062244,28.24602453719951,0,165.1831429826847,0
5,32,7,12.09293786451686,24.50375055677648,1,84.65056505161803,0
5,33,11,23.69917212525735,33.26006785948047,0,260.69089337783083,0
5,34,12,30.47066692877333,48.12479780628875,0,365.64800314528,0
5,35,15,14.118614049609997,33.79438645181078,1,211.77921074414996,0
5,36,10,19.533197640744174,27.764026442363328,0,195.33197640744174,0
5,37,8,13.904812854131215,35.82068530190301,1,111.23850283304972,0
5,38,21,37.26470334463554,31.015520799494784,0,782.5587702373464,1
5,39,14,64.05004750257868,25.170815180878638,1,896.7006650361016,1
5,40,9,24.450701817403008,38.563954031319724,1,220.05631635662706,0
5,41,11,8.019670317167247,30.97866750841493,0,88.21637348883971,0
5,42,15,25.893595586000437,43.045518274425504,0,388.40393379000653,0
5,43,9,31.80228814662359,41.1024730438436,1,286.2205933196123,0
5,44,17,17.372052345964256,24.92704626681906,0,295.3248898813924,0
5,45,10,20.370557095459773,35.32291740185398,1,203.70557095459773,0
5,46,21,19.99416541370363,34.62963119019542,1,419.8774736877762,0
5,47,10,11.792257457727334,30.519770365186115,0,117.92257457727334,0
5,48,24,17.242679003931823,29.671858142341513,0,413.8242960943637,0
5,49,13,10.969872247330498,34.89214684141714,0,142.60833921529647,0
5,50,9,27.111672778932824,38.53077821476382,0,244.0050550103954,0
5,51,9,14.780351069215435,36.40944464035701,0,133.02315962293892,0
5,52,18,17.266447315065278,29.585201418644445,0,310.796051671175,0
5,53,14,10.140736724422776,30.523234624978762,0,141.97031414191886,0
5,54,18,17.950487961575075,38.234921852567396,0,323.10878330835135,0
5,55,13,15.285088967074653,33.302277965888734,0,198.7061565719705,0
5,56,23,24.432201668057424,25.737670224337666,0,561.9406383653208,1
5,57,13,19.813187081825234,26.709292019892658,0,257.571432063728,0
5,58,17,12.595832691272527,30.648849416312775,0,214.12915575163296,0
5,59,13,14.374612512530357,36.32084884402271,0,186.86996266289464,0
5,60,11,33.782818461288755,23.39527682062855,1,371.6110030741763,0
6,1,13,29.10900818817019,35.235238210533986,0,378.4171064462125,0
6,2,7,23.32781184590541,26.711981841834234,1,163.29468292133785,0
6,3,14,16.732270571410808,24.62352877460253,0,234.25178799975131,0
6,4,12,22.028567922912657,30.247074592544774,1,264.3428150749519,0
6,5,16,36.33756582349695,28.91705828721004,0,581.4010531759512,1
6,6,12,28.774128151558248,34.993272885554234,0,345.289537818699,0
6,7,10,39.020887158252634,35.382974041368,0,390.20887158252634,0
6,8,18,26.525724678211642,46.533329784261326,0,477.46304420780956,0
6,9,15,26.28893266825234,26.199090571193487,0,394.3339900237851,0
6,10,21,34.338036260943056,30.59124461235363,0,721.0987614798041,1
6,11,13,17.9820347168835,41.763188731405926,0,233.7664513194855,0
6,12,11,17.48937143862275,40.87980251409333,1,192.38308582485027,0
6,13,20,17.737028089839132,40.263426256327996,1,354.74056179678263,0
6,14,17,44.86566433263726,27.2957954220847,0,762.7162936548334,1
6,15,5,24.528702829172335,39.54395858434785,0,122.64351414586167,0
6,16,14,14.50250732008076,37.33828316774342,0,203.03510248113065,0
6,17,15,26.6490851799364,36.33732022003203,1,399.736277699046,0
6,18,15,8.327960767795686,26.929753998979464,0,124.91941151693528,0
6,19,8,15.025342493915923,33.66142507993344,1,120.20273995132739,0
6,20,15,26.958245396939482,30.333549918997676,1,404.3736809540922,0
6,21,15,13.565785400261491,44.984433040186595,0,203.48678100392237,0
6,22,12,27.775107805989673,29.57503340187722,1,333.30129367187607,0
6,23,13,22.473624179210443,30.892813365298846,0,292.15711432973575,0
6,24,16,32.0179094301917,34.892174295283404,0,512.2865508830672,1
6,25,18,15.242246187873931,35.35060805163356,0,274.3604313817308,0
6,26,15,72.17542708131764,33.76411556612029,0,1082.6314062197646,1
6,27,16,29.64165211014897,32.64930575907904,0,474.26643376238354,0
6,28,6,15.247371717943722,38.639462436437285,1,91.48423030766233,0
6,29,17,11.349292905742804,29.922591701909006,0,192.93797939762766,0
6,30,8,18.231853751080898,34.47373761777302,1,145.85483000864718,0
6,31,16,36.98516357476617,25.958259584561265,0,591.7626171962587,1
6,32,18,26.871032609943633,33.97262849798233,0,483.6785869789854,1
6,33,10,21.55145051263517,29.46666108385802,1,215.5145051263517,0
6,34,11,8.296056797027447,41.26147325293108,1,91.25662476730191,0
6,35,10,11.190235661878726,26.328032215845866,0,111.90235661878725,0
6,36,17,4.7772682788436605,31.618227005239884,1,81.21356074034223,0
6,37,17,12.192332620116545,37.786280321598475,0,207.26965454198125,0
6,38,23,23.35698189493108,24.13719909423952,0,537.2105835834149,1
6,39,11,17.935115556742875,29.032436982265047,1,197.28627112417163,0
6,40,13,24.135475085150937,24.428300720289393,0,313.7611761069622,0
6,41,4,5.976767499350144,30.211265724036455,1,23.907069997400576,0
6,42,21,31.2501038126135,31.32584651033672,0,656.2521800648835,1
6,43,11,23.261019252103576,32.06566120574839,1,255.87121177313935,0
6,44,15,10.193080397625177,25.85053292157048,0,152.89620596437766,0
6,45,11,22.204269686704677,33.08948690384055,0,244.24696655375146,0
6,46,7,35.670309450846986,33.45076830803278,0,249.6921661559289,0
6,47,13,24.985106368433815,32.038300097161304,0,324.8063827896396,0
6,48,16,31.56242783266357,24.322260029725847,0,504.9988453226171,1
6,49,18,14.541664028565014,27.029360285949835,0,261.7499525141703,0
6,50,17,13.469178439277819,27.839922336682537,1,228.9760334677229,0
6,51,11,31.235488132776197,33.36332601664709,0,343.59036946053817,0
6,52,8,19.318851898856874,39.668586561371924,0,154.550815190855,0
6,53,10,31.8047123936735,34.08007599040418,0,318.04712393673503,0
6,54,18,14.381288576733276,42.86235620419637,0,258.863194381199,0
6,55,10,14.55922893843641,40.742978567554886,1,145.5922893843641,0
6,56,9,33.615269353690095,27.434208214154875,1,302.5374241832109,0
6,57,16,56.33198322916443,25.003921012247794,1,901.3117316666309,1
6,58,18,11.778001865052154,45.55882551069002,0,212.00403357093876,0
6,59,15,18.29134262846394,26.976390308371787,0,274.3701394269591,0
6,60,15,32.8800140611992,37.02356649234834,1,493.200210917988,1
7,1,18,12.142706692880614,32.18710409168932,1,218.56872047185104,0
7,2,13,35.51443666961307,32.579536985205586,1,461.6876767049699,0
7,3,12,30.578893413958866,25.49465590888638,0,366.9467209675064,0
7,4,9,26.40007323233983,31.839895026273872,1,237.60065909105847,0
7,5,16,33.0874960798184,32.18911289235987,1,529.3999372770944,1
7,6,15,16.18669880626152,36.06108100480028,0,242.80048209392282,0
7,7,16,23.14187936844898,28.255535543322097,1,370.27006989518367,0
7,8,11,17.646677343205265,36.45342641498961,0,194.11345077525792,0
7,9,12,25.970309022888724,41.20924857351951,1,311.6437082746647,0
7,10,17,21.97248285075907,28.836631556752884,1,373.53220846290424,0
7,11,16,18.7967339148268,32.00597217744609,1,300.7477426372288,0
7,12,14,12.338634397740531,46.26907479388766,0,172.74088156836743,0
7,13,13,23.712211421185273,29.165762317731506,1,308.25874847540854,0
7,14,17,22.092757500181737,39.88252990690401,0,375.5768775030895,0
7,15,19,24.134531485989054,25.3814813070968,0,458.55609823379206,0
7,16,12,50.354693807154185,29.44305788993084,0,604.2563256858502,1
7,17,17,32.302796195014736,41.96143662609987,0,549.1475353152505,1
7,18,7,47.243103531937564,38.89806175571644,0,330.70172472356296,0
7,19,19,12.633138901316324,25.306334464298953,1,240.02963912501014,0
7,20,19,22.627918853568847,32.98435458329672,0,429.9304582178081,0
7,21,12,25.93520467876761,41.969680826574056,0,311.22245614521137,0
7,22,15,39.91807674616802,34.34810865690013,1,598.7711511925203,1
7,23,11,17.760355529827546,32.46718052259588,0,195.363910828103,0
7,24,22,13.17573265464376,37.5966274629009,0,289.8661184021627,0
7,25,15,13.856642314352134,32.2094410712847,0,207.849634715282,0
7,26,9,10.381119716235705,45.86715770209295,0,93.43007744612135,0
7,27,14,9.465369410287892,27.880214053661742,0,132.51517174403048,0
7,28,10,29.371592973146942,25.692778428782155,0,293.71592973146943,0
7,29,18,7.864931013767614,43.6009556697652,0,141.56875824781704,0
7,30,8,21.274582271907143,25.843930016947535,0,170.19665817525714,0
7,31,14,51.9662953911495,47.923970953826085,0,727.528135476093,1
7,32,11,19.48548039499668,31.374665294908088,0,214.3402843449635,0
7,33,20,9.110290957203155,39.71769629571159,1,182.2058191440631,0
7,34,18,31.42234163794979,35.229787479864896,0,565.6021494830962,1
7,35,11,44.97515895502381,25.860570912442878,0,494.72674850526187,1
7,36,13,31.4506502287513,26.025570524486284,0,408.85845297376693,0
7,37,17,17.94967500314421,44.08691510050422,0,305.1444750534516,0
7,38,16,14.51233111269654,34.38579091740869,0,232.19729780314464,0
7,39,15,32.34852150970093,37.13080551392809,0,485.2278226455139,1
7,40,20,23.186311490994093,33.278172454204004,0,463.72622981988184,0
7,41,12,15.266143695767257,26.074618386131238,0,183.1937243492071,0
7,42,12,21.039938199320822,35.55614279893227,1,252.47925839184987,0
7,43,16,11.05830339372812,29.586138410927717,1,176.93285429964993,0
7,44,13,31.80352354039534,39.67785992155537,1,413.4458060251394,0
7,45,20,29.866706358397877,30.57587721575506,0,597.3341271679576,1
7,46,16,8.379045563029122,30.6281578628173,0,134.06472900846595,0
7,47,13,17.218473668036786,26.807196498338882,0,223.8401576844782,0
7,48,16,29.66091738092901,30.109361497145823,0,474.57467809486417,0
7,49,13,32.53855899012799,30.474535522004196,0,423.00126687166386,0
7,50,16,45.050830176424704,32.43167110381977,0,720.8132828227953,1
7,51,13,19.217446155641863,26.92874309950645,0,249.82680002334422,0
7,52,17,16.693083718704575,29.3152257939245,1,283.7824232179778,0
7,53,12,36.10972858034784,46.902888107652316,0,433.31674296417407,0
7,54,23,24.162965170407205,30.798623560852555,0,555.7481989193657,1
7,55,14,47.763297018031956,38.04763988004553,1,668.6861582524474,1
7,56,13,61.29204562457962,28.82045742550398,0,796.796593119535,1
7,57,6,7.465930673432857,34.134331422729694,0,44.79558404059714,0
7,58,13,29.193764094468143,32.48825248798598,0,379.51893322808587,0
7,59,15,10.861508431339788,30.94961013413613,0,162.92262647009682,0
7,60,14,25.74781094414743,28.265888992175185,1,360.46935321806404,0
8,1,20,34.566781977881895,26.260647182763048,1,691.3356395576379,1
8,2,9,21.09406195065932,29.09561820193697,1,189.84655755593388,0
8,3,22,24.253239520876413,32.39444580775397,1,533.5712694592811,1
8,4,15,19.79379674997705,29.259323228927755,0,296.9069512496558,0
8,5,17,6.904427641684405,34.074153634418,1,117.37526990863489,0
8,6,10,96.43548801713281,40.63929383931176,0,964.3548801713281,1
8,7,13,27.881137593355,22.394750160022795,0,362.454788713615,0
8,8,16,22.139605249065973,36.417638604508596,0,354.23368398505556,0
8,9,12,14.682280928316827,27.950565335884043,1,176.1873711398019,0
8,10,12,30.913616064763314,37.458935895902535,1,370.96339277715975,0
8,11,17,29.970236203050305,35.68652066763755,1,509.4940154518552,1
8,12,18,29.287056622027908,25.15571665153388,0,527.1670191965023,1
8,13,7,14.330797066406681,30.233673087335816,0,100.31557946484676,0
8,14,14,18.68536626144374,24.80193946055644,0,261.59512766021237,0
8,15,6,8.990963953470837,28.349568666512923,0,53.94578372082502,0
8,16,13,13.717022924152438,29.820830432013608,0,178.3212980139817,0
8,17,11,20.69653541760799,30.370645717908328,0,227.66188959368787,0
8,18,14,23.073585282588002,34.236715858429484,0,323.03019395623204,0
8,19,11,25.487264210558116,33.61404810347392,0,280.3599063161393,0
8,20,11,25.860975101739708,29.234837728853442,0,284.47072611913677,0
8,21,15,13.313652783800592,20.201017166793278,0,199.70479175700888,0
8,22,5,35.18132259419321,36.74050877572709,0,175.90661297096605,0
8,23,18,30.342492788663886,29.740690166450836,0,546.1648701959499,1
8,24,12,13.019326302271201,40.28543059607544,0,156.2319156272544,0
8,25,13,24.415847885434165,25.175602125132098,0,317.40602251064416,0
8,26,14,19.075201172939455,35.15503880938588,1,267.0528164211524,0
8,27,16,20.99593390659964,29.455985543127323,0,335.9349425055942,0
8,28,17,22.168178367596116,23.802078867933815,0,376.859032249134,0
8,29,23,9.757854904884002,27.91611124236826,0,224.43066281233206,0
8,30,12,6.371975349223846,38.190706079987294,0,76.46370419068616,0
8,31,10,33.76942791783421,28.04501110955953,0,337.6942791783421,0
8,32,15,19.338885404234958,26.401583483432187,0,290.0832810635244,0
8,33,17,11.08168841312934,36.88223075250866,0,188.3887030231988,0
8,34,19,45.665198025986726,30.523644916301503,0,867.6387624937478,1
8,35,9,29.090514903460832,22.09952770795866,0,261.8146341311475,0
8,36,12,15.539625052679344,26.108233762729867,0,186.47550063215215,0
8,37,14,67.10829855733151,21.725440911289255,0,939.5161798026411,1
8,38,24,29.73432623603768,36.09048385008924,0,713.6238296649044,1
8,39,17,25.009052752067408,26.137187012695314,0,425.15389678514595,0
8,40,9,20.283511788539514,22.294713274025465,0,182.5516060968556,0
8,41,17,10.809727921366147,20.63725011937264,0,183.7653746632245,0
8,42,18,9.643049214097307,42.19848494232714,1,173.5748858537515,0
8,43,17,9.020935212197648,24.439420872851517,0,153.35589860736002,0
8,44,11,13.273260033436365,37.69011145290163,0,146.0058603678,0
8,45,24,10.696511041568147,27.664849981590052,0,256.71626499763556,0
8,46,15,14.7585015937479,34.09336741017183,0,221.3775239062185,0
8,47,18,44.268366313976394,28.83014687153333,0,796.8305936515751,1
8,48,20,12.09089758838154,32.16724813425482,1,241.8179517676308,0
8,49,16,13.229227007681763,26.346846088466513,1,211.6676321229082,0
8,50,14,57.098015477474625,32.68994924019067,0,799.3722166846447,1
8,51,7,18.35320390741262,33.50594910943273,0,128.47242735188834,0
8,52,5,39.901911792153555,31.760619068760434,0,199.50955896076778,0
8,53,19,9.033481344272477,31.6205966201123,0,171.63614554117706,0
8,54,7,25.307134019505543,46.63944975597399,0,177.1499381365388,0
8,55,17,49.509969577106524,28.614063776506708,0,841.6694828108109,1
8,56,16,18.25699152884484,33.8460898687548,1,292.1118644615174,0
8,57,14,10.748821632834197,29.823492092828527,1,150.48350285967877,0
8,58,17,27.17391927637114,31.48571396439658,0,461.9566276983094,0
8,59,14,16.790779962305596,30.992158862755986,1,235.07091947227835,0
8,60,17,14.530197894138944,30.907459879253572,1,247.01336420036205,0
9,1,15,14.263232710997585,33.82731986651905,0,213.94849066496377,0
9,2,16,29.823980944802432,27.581416999509244,1,477.1836951168389,0
9,3,8,16.38689358271727,44.54798224004887,0,131.09514866173816,0
9,4,13,28.30841834621151,32.97117241662717,1,368.00943850074964,0
9,5,11,18.27327855736194,38.52042256022152,0,201.00606413098134,0
9,6,14,31.843238133003908,34.33724743077099,0,445.8053338620547,0
9,7,12,5.462426318280494,39.34763634702378,1,65.54911581936594,0
9,8,12,22.18627985778343,38.28136908641338,0,266.23535829340113,0
9,9,14,15.609974243034587,26.19354828565381,1,218.53963940248423,0
9,10,14,19.28328509570341,45.98090778699962,0,269.96599133984773,0
9,11,12,28.210285386902775,37.55563566007605,1,338.52342464283333,0
9,12,13,11.30904652002321,29.87869121933211,1,147.01760476030174,0
9,13,18,29.716286266059093,39.230418384024546,1,534.8931527890637,1
9,14,17,17.711790663312254,34.32781765026908,0,301.1004412763083,0
9,15,7,13.260342271059978,38.52738174849935,0,92.82239589741984,0
9,16,22,26.08230337189135,28.921762228766248,0,573.8106741816097,1
9,17,12,16.57696969032753,32.92114402320989,0,198.92363628393036,0
9,18,18,22.76217354420766,36.90786424761027,0,409.71912379573786,0
9,19,20,28.021221281631377,29.067605902478192,1,560.4244256326275,1
9,20,10,24.798751404412346,30.034186031165813,1,247.98751404412346,0
9,21,17,20.029415951897427,30.720752761633474,0,340.50007118225625,0
9,22,17,28.06072264190678,30.780557321152127,0,477.0322849124152,0
9,23,18,9.40332289858989,36.69295697857819,1,169.25981217461802,0
9,24,6,16.801789516851578,37.002783697788594,1,100.81073710110947,0
9,25,10,6.843700130101237,26.286056679169228,1,68.43700130101237,0
9,26,9,34.76379097518241,29.328111255164735,1,312.8741187766417,0
9,27,16,28.269533263177237,33.97026481460936,1,452.3125322108358,0
9,28,20,10.145417689630547,36.014720290079126,0,202.90835379261094,0
9,29,14,12.004892150394598,34.92603135965071,0,168.06849010552438,0
9,30,17,10.213035117279807,24.528350703400477,1,173.62159699375673,0
9,31,11,11.492995697470395,24.120157380976444,0,126.42295267217435,0
9,32,22,37.259457678313595,35.960323693201616,0,819.7080689228991,1
9,33,10,16.33430372542401,29.129941556599015,0,163.3430372542401,0
9,34,7,22.877187918347417,27.3354893908766,1,160.1403154284319,0
9,35,9,31.34639302897234,31.3891747129892,0,282.1175372607511,0
9,36,13,33.70427444217802,27.848559206124392,0,438.15556774831424,0
9,37,11,22.278757916611475,34.57866154757069,0,245.06633708272622,0
9,38,12,20.794159801721072,34.48957615957026,0,249.52991762065287,0
9,39,16,30.135331194835583,36.732668765996145,0,482.16529911736933,1
9,40,12,11.312048036164681,34.4629787160351,1,135.74457643397616,0
9,41,22,26.462751425608573,27.796780761352913,0,582.1805313633886,1
9,42,16,23.814499269822132,31.155664366182044,0,381.0319883171541,0
9,43,15,26.73647454158317,31.01108719766876,1,401.04711812374757,0
9,44,10,19.470577724674236,46.285726539868946,0,194.70577724674234,0
9,45,8,18.807650003800248,28.809852021835116,0,150.46120003040198,0
9,46,17,30.356892302814547,34.305172625696656,0,516.0671691478473,1
9,47,16,15.619382558489475,27.73182390772321,1,249.9101209358316,0
9,48,17,22.913897579096403,28.632084227516554,0,389.53625884463884,0
9,49,11,19.422085666807902,37.336670456459686,0,213.64294233488692,0
9,50,16,14.042943188576768,44.60504180795368,1,224.68709101722828,0
9,51,21,25.562449962408913,37.579408073717396,1,536.8114492105872,1
9,52,14,10.817538896765063,30.574958508617716,1,151.4455445547109,0
9,53,15,13.558409521151196,42.07583780402632,0,203.37614281726795,0
9,54,17,10.069164141037,35.10531409104894,0,171.175790397629,0
9,55,16,54.39420794445224,43.81682709940568,0,870.3073271112358,1
9,56,18,13.69008305485303,31.733956988549128,0,246.42149498735455,0
9,57,12,19.947047291689316,43.38685984686975,0,239.3645675002718,0
9,58,17,14.226922396178862,35.61612808436487,0,241.85768073504065,0
9,59,10,29.82019796637095,39.43947971711133,0,298.2019796637095,0
9,60,8,23.80809496158203,29.64064637857549,0,190.46475969265623,0
10,1,14,10.2211879613091,39.85768067667207,1,143.0966314583274,0
10,2,12,10.36848608415991,44.67919274935688,0,124.42183300991891,0
10,3,12,17.905361349142467,33.629988205559016,0,214.8643361897096,0
10,4,13,13.122086237373972,26.936109993066932,0,170.58712108586164,0
10,5,10,16.302469398805474,27.04168637777111,0,163.02469398805474,0
10,6,14,17.33027622773212,25.006625735283887,0,242.62386718824968,0
10,7,10,14.086403940184448,25.621711958505163,0,140.86403940184448,0
10,8,14,10.705392052333398,28.579376099103204,0,149.87548873266758,0
10,9,13,33.4714102041968,31.277421708375556,0,435.1283326545584,0
10,10,14,57.06673579700777,36.63166643553123,0,798.9343011581088,1
10,11,14,23.662951245482457,33.25193861515874,0,331.2813174367544,0
10,12,15,31.8849805502095,30.05818326579675,0,478.27470825314253,0
10,13,16,30.852739847746836,27.82910691073325,0,493.6438375639494,1
10,14,13,17.862252994865624,38.84898516473445,0,232.2092889332531,0
10,15,14,41.76625092927941,28.71674911058099,0,584.7275130099117,1
10,16,17,33.063481214154116,40.08388291337528,1,562.0791806406199,1
10,17,18,34.75191286273494,31.855482034993404,0,625.5344315292289,1
10,18,14,14.689917237744265,30.834814218227855,1,205.6588413284197,0
10,19,20,30.698550580057724,45.622727702147756,0,613.9710116011545,1
10,20,16,6.5309690567646586,30.642349240672313,1,104.49550490823454,0
10,21,15,14.618952533027674,30.59690654188695,0,219.2842879954151,0
10,22,12,11.08027688308287,37.102040911186094,0,132.96332259699443,0
10,23,16,27.820161611702776,32.404364771564744,0,445.1225857872444,0
10,24,14,11.37203378624898,38.16399686209702,0,159.20847300748574,0
10,25,17,20.945279817972338,26.48824748742328,0,356.06975690552974,0
10,26,15,40.659380525286124,27.138928618162574,0,609.8907078792919,1
10,27,19,22.167918538400876,34.453076947324305,0,421.19045222961665,0
10,28,19,23.468388296710234,35.14856217725141,0,445.89937763749447,0
10,29,14,13.14686116809738,29.702991418491756,0,184.05605635336332,0
10,30,10,14.497200411315845,42.56381202027009,0,144.97200411315845,0
10,31,10,12.757532862986622,39.66068512672216,0,127.57532862986622,0
10,32,18,42.93305155500929,36.41380676851072,0,772.7949279901673,1
10,33,21,11.158512920102167,27.568221423920754,0,234.3287713221455,0
10,34,10,12.838713247382358,28.910135132398793,0,128.38713247382358,0
10,35,17,22.879038262963913,30.532291564660486,0,388.9436504703865,0
10,36,11,15.341768435222825,23.419619306054276,0,168.75945278745107,0
10,37,12,17.03510315939224,42.291338469895095,1,204.42123791270689,0
10,38,11,28.96057296845524,24.491856430275835,0,318.5663026530076,0
10,39,11,12.081295567386553,22.593793890928218,0,132.89425124125208,0
10,40,17,17.77796489458991,29.686763998524285,0,302.22540320802847,0
10,41,11,27.41348361677137,38.057704353876346,0,301.54831978448505,0
10,42,18,39.03531150817236,33.814735418522936,0,702.6356071471025,1
10,43,19,21.59461367183788,37.91853072847267,0,410.29765976491973,0
10,44,16,20.327029882046492,28.28629221938556,0,325.2324781127439,0
10,45,12,27.460648285410887,34.37613784698806,0,329.52777942493066,0
10,46,13,31.268641974163526,36.09025407601601,0,406.4923456641258,0
10,47,22,53.586308406300596,36.51969894754147,0,1178.898784938613,1
10,48,11,20.1226860120056,35.220426125764874,0,221.34954613206162,0
10,49,10,54.24607045835447,40.121753589937654,0,542.4607045835446,1
10,50,15,15.402264608278106,40.145710831987195,1,231.0339691241716,0
10,51,23,5.670174884849784,26.790236583011033,0,130.41402235154504,0
10,52,15,17.317131479736553,30.326535549787017,0,259.7569721960483,0
10,53,8,11.412306977570672,40.93347358771416,1,91.29845582056538,0
10,54,10,27.42227424922312,29.271238573035262,1,274.2227424922312,0
10,55,20,19.7507944854245,40.43092263291932,0,395.01588970849,0
10,56,12,25.213270323991566,46.15368749156316,1,302.5592438878988,0
10,57,8,18.386430476467392,28.97600413525377,0,147.09144381173914,0
10,58,10,9.259877786493453,45.98080589513009,1,92.59877786493453,0
10,59,11,11.005548693561751,28.351754166781333,0,121.06103562917926,0
10,60,11,11.929064220882465,36.014168772913,0,131.21970642970712,0
11,1,9,19.772269283975834,29.525011988630823,0,177.95042355578252,0
11,2,18,13.14163826392334,34.13870909202441,0,236.54948875062013,0
11,3,9,19.149332841493372,24.968067761526463,0,172.34399557344034,0
11,4,12,8.263736394582484,24.13444290070748,0,99.1648367349898,0
11,5,13,50.213229193941224,38.43408332171867,1,652.771979521236,1
11,6,12,30.176874350440524,40.20535080074431,1,362.1224922052863,0
11,7,19,19.600428108394286,37.54949282565667,0,372.40813405949143,0
11,8,14,9.948333767535406,30.425584745395632,1,139.2766727454957,0
11,9,13,43.87937466386529,26.148219934192195,0,570.4318706302488,1
11,10,22,17.514050755388354,33.89523023320832,0,385.3091166185438,0
11,11,14,23.2850667800602,30.591340931124023,0,325.9909349208428,0
11,12,9,9.409113353398958,27.455273745141564,0,84.68202018059063,0
11,13,10,15.269625634685793,43.3874565497586,1,152.69625634685792,0
11,14,15,30.467695424492376,30.62808594969895,1,457.01543136738564,0
11,15,12,36.22909785790621,38.934550722456024,0,434.74917429487454,0
11,16,16,22.132648265530076,28.090875129777473,1,354.1223722484812,0
11,17,11,26.243246196286787,37.75906287751241,0,288.6757081591547,0
11,18,13,37.13241289925022,25.30405108168322,0,482.72136769025286,1
11,19,20,12.575453923181438,28.45245503387678,1,251.50907846362878,0
11,20,14,14.383910014499502,38.014399701023294,0,201.37474020299302,0
11,21,14,15.438680355511234,39.82806957182798,0,216.14152497715727,0
11,22,12,40.21213794995757,34.80386510736101,1,482.5456553994909,1
11,23,14,7.084742515289517,40.176977908412255,0,99.18639521405323,0
11,24,11,47.57694641386386,37.145388847132615,0,523.3464105525024,1
11,25,15,16.31202877904588,39.08521487768871,0,244.68043168568818,0
11,26,17,11.41542293927039,38.32365004802646,0,194.06218996759665,0
11,27,16,18.39755963433774,24.45528412677936,0,294.3609541494038,0
11,28,18,28.059504119773838,38.387353062327676,0,505.07107415592907,1
11,29,12,21.02844914746287,43.66936438069476,0,252.34138976955444,0
11,30,15,22.785404972739258,29.7603744844794,1,341.7810745910889,0
11,31,17,31.125374793322322,47.563877599979726,0,529.1313714864795,1
11,32,12,41.94399759263507,31.715549828508447,0,503.32797111162085,1
11,33,12,27.6669870062444,24.306104760310273,0,332.00384407493283,0
11,34,10,18.26064955324664,26.718755934084765,1,182.6064955324664,0
11,35,13,18.2936118728477,35.75739418442703,1,237.81695434702007,0
11,36,17,8.888545080469317,42.42476832013135,1,151.1052663679784,0
11,37,17,12.497663909311564,31.0644185613324,1,212.4602864582966,0
11,38,12,48.1192160281909,29.027178650182506,0,577.4305923382908,1
11,39,10,37.0230811696291,25.997276718796094,1,370.230811696291,0
11,40,14,17.647123574502896,32.55556681114845,0,247.05973004304053,0
11,41,15,31.679866758671373,30.160005341094756,1,475.1980013800706,0
11,42,18,21.17617852948743,35.654906725310724,1,381.17121353077374,0
11,43,13,18.89024276995991,34.06621290087068,0,245.57315600947885,0
11,44,10,21.045487932209145,34.4086058256853,1,210.45487932209144,0
11,45,14,22.848289803909598,29.429065916302978,1,319.87605725473435,0
11,46,13,10.7953956255661,23.886496891907413,0,140.3401431323593,0
11,47,16,26.5300104559322,28.709617412667065,0,424.4801672949152,0
11,48,12,10.301187866700186,39.6278110535947,0,123.61425440040223,0
11,49,12,15.002252204935791,27.919457816798687,0,180.0270264592295,0
11,50,14,33.75705476367631,40.229904107008174,0,472.5987666914683,0
11,51,13,16.3509613935286,31.98540630411023,0,212.5624981158718,0
11,52,21,35.764306364848935,43.69521243822459,0,751.0504336618276,1
11,53,14,5.788286597161765,26.954541220852512,0,81.0360123602647,0
11,54,16,14.45262116822408,31.307760901652173,0,231.2419386915853,0
11,55,16,28.71170545868364,31.077121087951532,1,459.3872873389382,0
11,56,18,7.206831248405559,30.61120857504582,0,129.72296247130006,0
11,57,8,47.821163278123784,35.67854387914916,0,382.56930622499027,0
11,58,13,13.086929094999615,26.858849145085617,1,170.13007823499498,0
11,59,10,9.419338332496153,32.72158491932278,1,94.19338332496153,0
11,60,23,23.589379880129155,41.7361669473305,1,542.5557372429705,1
12,1,20,10.647602524327931,37.81142868840949,0,212.95205048655862,0
12,2,16,47.052186136509015,37.30739894371069,1,752.8349781841442,1
12,3,14,7.511725113158664,42.86112330337142,0,105.1641515842213,0
12,4,18,11.489192020424229,32.925377472130045,0,206.8054563676361,0
12,5,15,19.158962901796396,37.23373635724953,0,287.384443526946,0
12,6,16,24.77425442731485,44.34789833914361,0,396.3880708370376,0
12,7,17,45.82090587661415,36.31889384020712,0,778.9553999024405,1
12,8,21,34.305485894203436,34.95513515992599,0,720.4152037782721,1
12,9,12,11.235833357893014,27.16106980319662,0,134.83000029471617,0
12,10,8,17.434143465651545,25.483946491064895,0,139.47314772521236,0
12,11,16,15.771732541659402,22.66689446610763,1,252.34772066655043,0
12,12,26,14.78948627383351,28.333220513678334,1,384.5266431196713,0
12,13,21,7.731647389409362,22.931847245900844,0,162.3645951775966,0
12,14,12,38.82836989966864,34.2841268963475,0,465.9404387960236,0
12,15,11,25.450514261157245,30.63077653349071,0,279.9556568727297,0
12,16,6,17.569763726406233,39.970948389633094,1,105.41858235843739,0
12,17,11,19.004338889887734,30.06191000568353,1,209.0477277887651,0
12,18,8,12.82862351382603,37.81316294323653,0,102.62898811060823,0
12,19,14,11.949961893906663,33.2060830107488,0,167.29946651469328,0
12,20,15,8.884978948464918,38.00402391941762,0,133.27468422697376,0
12,21,9,11.277602350352785,36.137039641548675,0,101.49842115317506,0
12,22,16,8.365244781761886,35.333803790817164,0,133.84391650819018,0
12,23,12,9.646618164862481,35.979668547963,1,115.75941797834977,0
12,24,16,15.631669093708037,30.978835401702778,0,250.1067054993286,0
12,25,17,11.04089025664722,24.936485636766484,1,187.69513436300275,0
12,26,16,31.401285912232932,41.03679338778252,0,502.4205745957269,1
12,27,14,9.322957216098464,29.95416497003266,0,130.5214010253785,0
12,28,19,7.845930447548491,43.72782519791299,0,149.07267850342132,0
12,29,18,12.476436803448212,38.134841691524905,0,224.57586246206782,0
12,30,19,14.317784426904597,26.147077265970182,1,272.03790411118734,0
12,31,12,46.229219541346296,36.19853180718199,0,554.7506344961555,1
12,32,13,43.0180291705969,38.21648603123505,0,559.2343792177596,1
12,33,16,39.85580524327622,28.10025719788957,0,637.6928838924196,1
12,34,9,28.43445033638155,40.49567696968592,0,255.91005302743395,0
12,35,17,29.656297632200733,29.97955166431607,0,504.15705974741246,1
12,36,11,19.69747077234963,35.128053107577024,0,216.6721784958459,0
12,37,14,33.23893688912913,45.43728525746348,0,465.3451164478078,0
12,38,19,10.724583890779018,33.82445487945999,0,203.76709392480134,0
12,39,7,8.72070750532142,42.95449362690008,0,61.044952537249934,0
12,40,9,34.1022807065159,29.381152724068773,0,306.9205263586431,0
12,41,12,12.92890925679945,35.755729259396915,0,155.1469110815934,0
12,42,15,14.067815760541116,37.24330891925294,0,211.01723640811673,0
12,43,16,12.946668047494976,25.32218651478359,1,207.1466887599196,0
12,44,20,16.626470778206148,25.570478835624904,0,332.5294155641229,0
12,45,9,12.70331457688159,28.737528225160595,0,114.32983119193432,0
12,46,14,39.556158665169974,44.958074550685296,0,553.7862213123797,1
12,47,14,6.846983755898515,34.64686248775665,0,95.85777258257922,0
12,48,11,31.131738294746473,29.719852538833536,0,342.4491212422112,0
12,49,13,38.03408354230559,29.903651210589082,0,494.44308604997264,1
12,50,13,23.78396800709421,36.1911265323003,0,309.19158409222473,0
12,51,9,22.38324051882201,36.43730398607214,1,201.4491646693981,0
12,52,14,12.026633613265426,34.88390398348509,0,168.37287058571596,0
12,53,13,16.764584848999444,26.13717662851112,1,217.93960303699276,0
12,54,8,24.735093359244214,34.2309872622279,0,197.8807468739537,0
12,55,8,22.155055938355012,33.46539787538245,0,177.2404475068401,0
12,56,16,12.78107875653999,29.60891625460149,0,204.49726010463985,0
12,57,15,40.439107435180304,32.103323064784746,0,606.5866115277046,1
12,58,16,10.267012910150907,30.382990777698932,1,164.2722065624145,0
12,59,16,12.399390114968146,37.90670743153299,0,198.39024183949033,0
12,60,13,45.342023673949605,28.67546713250705,0,589.4463077613449,1
13,1,13,20.8903747551525,26.969713192783768,0,271.5748718169825,0
13,2,12,6.928428035679096,25.877401936107514,1,83.14113642814915,0
13,3,13,14.090340915537256,35.4720986128315,0,183.17443190198432,0
13,4,9,53.33696237399945,34.54309346496746,0,480.032661365995,1
13,5,13,17.46318287094021,26.98557403021724,1,227.02137732222272,0
13,6,10,12.400429418615852,33.611579779928164,0,124.00429418615852,0
13,7,19,34.91617581317125,33.39178925689021,0,663.4073404502537,1
13,8,13,15.150389723847438,26.56055158545423,0,196.95506641001668,0
13,9,13,25.862514944553627,39.85422267952792,0,336.21269427919714,0
13,10,14,42.29024962506326,39.86055936804074,1,592.0634947508856,1
13,11,25,24.977806603816138,34.137690443878626,1,624.4451650954035,1
13,12,16,5.662564929887202,39.31379495609099,1,90.60103887819523,0
13,13,8,14.332547366186226,31.6673347226406,0,114.66037892948981,0
13,14,13,16.419374433614045,34.497635141541465,1,213.4518676369826,0
13,15,13,14.825116206367747,39.62178005090299,1,192.7265106827807,0
13,16,15,19.324804488321217,39.03961764660876,0,289.87206732481826,0
13,17,18,25.36252410892248,31.251257133594258,1,456.52543396060463,0
13,18,14,39.37428263166074,28.133037060313,0,551.2399568432504,1
13,19,15,21.601453387484874,38.092664513426705,0,324.0218008122731,0
13,20,11,14.775031828393658,24.9022156197867,0,162.52535011233024,0
13,21,10,15.81845361297502,23.917277330764225,0,158.1845361297502,0
13,22,14,10.723443370637385,30.756051866673104,1,150.1282071889234,0
13,23,9,46.892673078336415,41.44547533212243,0,422.03405770502775,0
13,24,23,51.86500822074653,25.42238927357879,0,1192.8951890771702,1
13,25,10,16.34771799642658,44.30636617856044,1,163.47717996426582,0
13,26,12,21.45513441476218,27.139056097672658,0,257.46161297714616,0
13,27,9,14.034125865980114,47.49065746271926,0,126.30713279382103,0
13,28,22,10.566703385209136,30.746005217086548,0,232.467474474601,0
13,29,7,35.7587563372152,31.197693918026093,0,250.31129436050642,0
13,30,13,40.17217929206652,30.030597498434698,0,522.2383307968647,1
13,31,15,12.65076822793947,28.430729397212144,0,189.76152341909204,0
13,32,10,9.03585376794949,36.090560151834495,0,90.3585376794949,0
13,33,14,18.327905048782473,30.250638292401156,1,256.5906706829546,0
13,34,11,16.804781061399183,31.179896960311602,1,184.852591675391,0
13,35,10,36.98123601974613,31.345418862311533,0,369.81236019746126,0
13,36,19,12.956701043315078,36.40699929463133,0,246.17731982298648,0
13,37,13,25.82575897535549,48.55631903772734,0,335.7348666796214,0
13,38,16,5.773997162623711,26.31687736719644,0,92.38395460197938,0
13,39,10,18.192895041119677,31.319360825362537,0,181.92895041119675,0
13,40,15,56.483760331823035,26.959694692964057,0,847.2564049773455,1
13,41,15,28.204273073135933,22.749496034970935,0,423.064096097039,0
13,42,17,13.380505383265872,28.85148178291398,0,227.46859151551982,0
13,43,15,28.318998313938927,32.47591957295586,0,424.7849747090839,0
13,44,11,41.815639891721105,34.4945033037904,0,459.97203880893215,0
13,45,11,8.00415776860408,37.381164095936626,0,88.04573545464487,0
13,46,10,19.763952437828397,25.237040914976838,0,197.63952437828397,0
13,47,15,32.43353472540685,27.673870646115954,0,486.50302088110277,1
13,48,19,20.61111489766668,41.900313171307516,0,391.61118305566697,0
13,49,18,23.579857762499817,33.97732164191404,0,424.4374397249967,0
13,50,11,22.132032019872042,28.605643978152933,0,243.45235221859247,0
13,51,15,52.466965924634096,24.946966513269498,0,787.0044888695114,1
13,52,10,10.897707981772642,28.01239063011122,0,108.97707981772642,0
13,53,13,34.26723558351893,43.647973822172005,0,445.47406258574614,0
13,54,13,27.168560608371443,35.780869303430975,0,353.19128790882877,0
13,55,17,23.7616391881043,28.766838331565516,0,403.9478661977731,0
13,56,14,17.926173830844576,28.468761138590985,1,250.96643363182406,0
13,57,17,10.228847289835164,46.24988186769304,0,173.89040392719778,0
13,58,21,16.320028829491566,38.56035611560105,1,342.7206054193229,0
13,59,13,36.50252480509566,34.03241859501849,0,474.5328224662436,0
13,60,14,31.416197183495534,31.465705217085098,0,439.82676056893746,0
14,1,17,9.286848340825655,27.719422527531496,1,157.87642179403613,0
14,2,20,14.638023389763369,37.78391857526564,1,292.76046779526735,0
14,3,18,18.88057583429585,30.088807085066495,0,339.8503650173253,0
14,4,14,25.251935467523584,28.63492595673106,0,353.52709654533015,0
14,5,12,24.63150768011554,26.633892839393358,0,295.5780921613865,0
14,6,22,26.45377277521522,29.974219504921184,0,581.9830010547348,1
14,7,16,16.77652127233768,39.111364563554325,1,268.42434035740285,0
14,8,12,13.956724722464902,37.79733994466816,1,167.48069666957883,0
14,9,22,33.60681053082355,36.09438763379305,0,739.3498316781181,1
14,10,19,31.06735812487538,24.01128875253942,1,590.2798043726323,1
14,11,14,11.475644682023137,40.09370480360704,0,160.65902554832394,0
14,12,10,16.497932532830625,32.87306749863538,0,164.97932532830623,0
14,13,13,26.224120639888696,25.62320311023341,1,340.9135683185531,0
14,14,16,30.56129234740975,30.449800621024934,1,488.980677558556,1
14,15,17,32.02651124377356,23.762846065043547,1,544.4506911441506,1
14,16,16,17.96884903708829,29.009316119794967,0,287.50158459341264,0
14,17,22,15.45166080624677,26.463452733285145,0,339.9365377374289,0
14,18,12,39.49212715197979,30.16203061575266,0,473.90552582375744,0
14,19,13,101.6511125371823,26.442940199642315,1,1321.46446298337,1
14,20,11,63.68557757884546,35.78338118205054,0,700.5413533673001,1
14,21,13,14.716695494304213,39.615010417286584,0,191.31704142595478,0
14,22,13,26.87963109958313,28.774631739043453,1,349.43520429458067,0
14,23,14,29.86203210181258,30.176027238586602,0,418.0684494253761,0
14,24,10,18.896400117292494,28.117295028417452,0,188.96400117292495,0
14,25,20,14.050523593192638,26.00908253088571,0,281.0104718638528,0
14,26,13,26.06621294440797,32.89548867810787,0,338.8607682773036,0
14,27,12,14.984797143021934,23.267578498206724,1,179.8175657162632,0
14,28,11,23.678166749720315,27.5473570691187,0,260.4598342469235,0
14,29,13,14.208989609120016,36.04837156961465,0,184.7168649185602,0
14,30,17,7.504767076232097,33.3577942439163,1,127.58104029594566,0
14,31,19,12.333473470208185,21.44730044016591,0,234.3359959339555,0
14,32,11,38.54220852017067,30.060049280588963,1,423.96429372187737,0
14,33,11,8.28515801781089,31.30339253761498,0,91.13673819591979,0
14,34,14,25.425972480976377,25.66040733522854,1,355.96361473366926,0
14,35,6,11.925883864745714,27.02040262247991,1,71.55530318847428,0
14,36,9,11.177279740095342,26.095392359130397,0,100.59551766085808,0
14,37,20,21.988759069362146,24.832903462995187,1,439.7751813872429,0
14,38,11,38.53777845162206,27.116389655954013,1,423.9155629678427,0
14,39,19,12.223015002689296,30.66692881617148,0,232.23728505109662,0
14,40,14,12.086155047038886,36.389268876052014,0,169.2061706585444,0
14,41,12,27.868242869089052,35.416468666551076,0,334.41891442906865,0
14,42,14,30.126323449994224,30.671728118582106,0,421.7685282999191,0
14,43,5,16.58653804470927,27.329971473236064,0,82.93269022354635,0
14,44,22,18.880611082711034,38.08822037648981,0,415.3734438196428,0
14,45,17,11.15528449894205,26.618633226663096,1,189.63983648201486,0
14,46,15,25.63042567086474,24.55094287740601,0,384.4563850629711,0
14,47,12,12.365840463229347,34.43980222645375,1,148.39008555875216,0
14,48,13,16.464739878530768,27.68156619406791,0,214.0416184209,0
14,49,12,44.897873277410625,30.442423225739542,1,538.7744793289276,1
14,50,10,30.390037627815392,39.07128703482694,0,303.90037627815394,0
14,51,12,16.73072804703037,34.699269851698915,0,200.76873656436447,0
14,52,13,18.622124999056357,26.64446952950223,0,242.08762498773265,0
14,53,9,23.56499469824754,41.674571275787386,0,212.08495228422785,0
14,54,14,45.915770147048754,27.06178508703696,1,642.8207820586825,1
14,55,12,13.878131061579841,44.636928863365846,1,166.5375727389581,0
14,56,15,36.45029921024281,23.857690047793476,0,546.7544881536421,1
14,57,14,23.35590877233296,31.405970634597622,0,326.98272281266145,0
14,58,24,21.928082357091778,32.490832123415174,0,526.2739765702026,1
14,59,20,28.401125995745254,30.12814616474736,0,568.022519914905,1
14,60,18,26.877396630063675,38.88069606814845,1,483.7931393411462,1
15,1,15,24.895085422527377,30.948280988689696,0,373.42628133791067,0
15,2,13,24.284051650296654,31.83988522801895,1,315.6926714538565,0
15,3,12,26.922223570919616,33.4899297787022,0,323.0666828510354,0
15,4,11,13.89619319864533,32.380713447954605,0,152.85812518509863,0
15,5,23,32.29128196789791,33.11893380580571,1,742.699485261652,1
15,6,11,19.497620049230843,26.085635524997084,0,214.47382054153928,0
15,7,15,28.099887867871352,37.30158882412548,1,421.4983180180703,0
15,8,12,43.12123985120238,24.531248478376334,1,517.4548782144286,1
15,9,9,24.278144913082006,30.925968233392954,0,218.50330421773805,0
15,10,19,37.15547321711753,41.156347524201486,0,705.9539911252331,1
15,11,10,25.98831881738474,33.302954178567816,0,259.88318817384743,0
15,12,10,13.234924022101533,23.528342054417614,0,132.34924022101532,0
15,13,15,13.93194117980505,44.69642277669898,1,208.97911769707574,0
15,14,21,51.6877258642199,28.813131250466085,0,1085.442243148618,1
15,15,17,23.46605703582882,33.83367551568534,0,398.92296960908993,0
15,16,10,7.80820695254217,34.84468859673876,1,78.0820695254217,0
15,17,17,26.683665590657334,34.96762625451137,0,453.62231504117466,0
15,18,14,11.883753919902242,30.01664483303323,0,166.37255487863138,0
15,19,10,52.54778244149481,31.632368006738727,0,525.4778244149481,1
15,20,15,13.635715838471329,43.65339571707672,1,204.53573757706994,0
15,21,14,7.107098619030538,43.095040265253736,0,99.49938066642753,0
15,22,15,17.113217150568328,32.42191115378081,0,256.6982572585249,0
15,23,15,5.195558802420113,24.740121580781988,0,77.9333820363017,0
15,24,18,14.659047532034094,27.647710863362263,0,263.8628555766137,0
15,25,17,12.274248343883563,23.307312390398817,0,208.66222184602057,0
15,26,18,22.183305573142732,23.680408852788993,0,399.29950031656915,0
15,27,18,15.504862952111946,31.81888640596857,0,279.08753313801503,0
15,28,15,19.220057168885578,29.72933472540341,0,288.30085753328365,0
15,29,12,44.66852237140029,29.24995896229406,0,536.0222684568035,1
15,30,13,29.99600569533856,37.94454215822123,0,389.94807403940126,0
15,31,12,19.8628242833467,42.766776669058046,0,238.35389140016042,0
15,32,14,14.232914838861445,30.14969253232255,1,199.26080774406023,0
15,33,15,19.064512136648506,34.57041274886792,0,285.9676820497276,0
15,34,15,24.450569913691595,34.15805935133217,1,366.7585487053739,0
15,35,13,29.222826101894142,34.97013595365554,0,379.89673932462387,0
15,36,12,23.095410522485967,42.60377789882682,1,277.1449262698316,0
15,37,16,26.735790585678036,32.23753304091596,0,427.77264937084857,0
15,38,15,14.120614941218294,29.891970291022716,0,211.80922411827441,0
15,39,10,27.572820206509267,31.433993309359863,0,275.72820206509266,0
15,40,13,14.166785319119912,41.702007907001786,0,184.16820914855884,0
15,41,14,35.508701105516515,26.33314268904711,1,497.1218154772312,1
15,42,16,16.5488897953926,43.909737568448584,0,264.7822367262816,0
15,43,12,27.05158094360659,37.475130022159036,0,324.6189713232791,0
15,44,13,14.955103633822825,29.557569110721047,1,194.41634723969673,0
15,45,16,19.46621134997363,39.0960603941366,0,311.4593815995781,0
15,46,19,22.68177478843963,44.39747434085017,0,430.95372098035295,0
15,47,12,43.78952319234067,31.744702156405584,1,525.4742783080881,1
15,48,11,9.34432582201308,29.485716590849627,0,102.78758404214388,0
15,49,10,14.822952548414733,34.188116775997955,1,148.22952548414733,0
15,50,9,18.752827051025765,35.817035674673214,0,168.7754434592319,0
15,51,16,17.78702751946696,36.399708403155955,0,284.59244031147136,0
15,52,14,20.108527283743786,36.975297528137304,0,281.519381972413,0
15,53,13,24.390357374343345,36.52037658442233,0,317.07464586646347,0
15,54,19,19.15546175995978,24.54160455420177,0,363.9537734392358,0
15,55,13,26.134815217611838,33.70930371995327,0,339.75259782895387,0
15,56,11,15.820311412868941,40.76499432108964,0,174.02342554155834,0
15,57,10,32.89064441192627,32.19482713134065,0,328.9064441192627,0
15,58,10,14.069557016460118,43.996219835089335,0,140.69557016460118,0
15,59,13,23.084798269455113,29.19497150559161,0,300.10237750291645,0
15,60,4,15.570736989986747,38.367775873543124,0,62.28294795994699,0
16,1,14,16.30851472505554,38.602671433741385,0,228.31920615077757,0
16,2,13,19.461506587036354,32.28531782872163,0,252.9995856314726,0
16,3,12,4.4646187759325855,29.143757147833583,1,53.575425311191026,0
16,4,9,26.724739330926045,29.2067953303846,0,240.5226539783344,0
16,5,8,25.71390662815364,28.811227071716925,0,205.71125302522913,0
16,6,8,4.819579427488868,45.520609821451856,1,38.55663541991095,0
16,7,12,20.547632719296644,22.063732138994087,0,246.57159263155972,0
16,8,13,26.553676471543827,37.34678803157395,1,345.1977941300698,0
16,9,11,6.074027522692217,27.12380292770133,1,66.81430274961438,0
16,10,19,30.642477130213592,34.5710419538589,0,582.2070654740583,1
16,11,14,23.06441036893486,34.72927617133476,0,322.901745165088,0
16,12,17,20.171647723255976,30.783067055946724,0,342.9180112953516,0
16,13,13,41.53920740663667,34.05927673798706,0,540.0096962862767,1
16,14,18,19.315051655187542,28.20456543272943,0,347.67092979337576,0
16,15,11,21.805176215433075,31.760227213473758,1,239.85693836976384,0
16,16,15,60.22644677698495,26.468003622567636,0,903.3967016547742,1
16,17,19,13.223147918267946,25.26638919100364,0,251.23981044709097,0
16,18,13,40.94574552930689,28.55561749412289,1,532.2946918809896,1
16,19,23,29.36364791290791,45.52488352527719,0,675.363901996882,1
16,20,12,17.359166299744377,36.3128353491105,0,208.30999559693254,0
16,21,17,18.801406964055392,30.30441458692919,0,319.62391838894166,0
16,22,14,15.458118716807776,27.59456223494334,0,216.41366203530887,0
16,23,13,35.86244048059226,34.65055864455776,0,466.2117262476994,0
16,24,16,32.673056581382035,34.43354856526184,1,522.7689053021126,1
16,25,13,36.71935783449261,33.47367709276074,0,477.35165184840395,0
16,26,11,9.359726516174176,28.00392755758711,0,102.95699167791594,0
16,27,16,10.447002643395834,46.24153191595912,1,167.15204229433334,0
16,28,18,9.034620616645753,24.517874968112874,0,162.62317109962356,0
16,29,11,25.72215870635163,40.35212205955657,0,282.943745769868,0
16,30,16,24.330179042851274,24.274536579625305,1,389.2828646856204,0
16,31,12,13.71843269105721,39.36873519598501,0,164.62119229268652,0
16,32,13,33.722033812407126,36.42620677683917,1,438.38643956129266,0
16,33,11,29.293529311825885,26.8489884284807,1,322.22882243008473,0
16,34,15,22.191559036489902,32.24221152531387,0,332.87338554734856,0
16,35,15,14.484090002897045,28.35808393489969,0,217.26135004345568,0
16,36,12,20.361720456922342,32.75122338109345,0,244.3406454830681,0
16,37,11,24.58426078379607,25.644833768724894,1,270.42686862175674,0
16,38,9,28.729841966883154,40.02978823944241,0,258.56857770194836,0
16,39,16,15.443443324957373,35.28190953907304,0,247.09509319931797,0
16,40,13,20.413644119486474,33.48506040359299,0,265.37737355332416,0
16,41,16,6.1359831598054635,25.658051407570127,0,98.17573055688742,0
16,42,15,55.75877663967112,25.806815663752715,0,836.3816495950667,1
16,43,11,14.25147531342602,44.1510403012742,0,156.76622844768622,0
16,44,18,9.812571356971864,25.809555848598887,1,176.62628442549354,0
16,45,11,12.802805271432115,43.5504537630496,0,140.83085798575325,0
16,46,16,12.402523553551955,40.09177848684435,1,198.44037685683128,0
16,47,27,25.627157230560783,35.45370427304101,0,691.9332452251411,1
16,48,20,34.328123063240206,23.46184805932154,0,686.5624612648041,1
16,49,18,14.379842543941638,31.456452245969263,0,258.8371657909495,0
16,50,21,19.481438964956276,29.669326501695693,0,409.11021826408177,0
16,51,12,39.83916819373372,35.76410505088478,1,478.07001832480466,0
16,52,11,11.66943124889771,26.129875147901657,0,128.3637437378748,0
16,53,13,22.49610367573292,39.644115306923666,0,292.44934778452796,0
16,54,13,15.168503302642497,41.413515305864266,0,197.19054293435246,0
16,55,15,26.4681728302854,23.824904658150597,1,397.022592454281,0
16,56,13,28.222375032605953,33.504116168426314,0,366.8908754238774,0
16,57,17,15.682058054984893,27.434688660045037,0,266.5949869347432,0
16,58,15,15.661629668818073,22.291170922523367,0,234.92444503227108,0
16,59,15,11.262084057752475,34.43747766260448,0,168.93126086628712,0
16,60,15,10.313315451413775,37.55052119143512,0,154.69973177120661,0
17,1,10,30.723863526517707,45.271316284279884,0,307.2386352651771,0
17,2,10,24.750368458591407,39.403329906147626,0,247.50368458591407,0
17,3,15,30.658239027179956,24.106600983534136,1,459.87358540769935,0
17,4,19,25.972317939902027,35.312194323043066,0,493.4740408581385,1
17,5,23,11.053405053318283,36.85968505348122,0,254.22831622632052,0
17,6,11,23.17100339748879,42.85164144702624,0,254.88103737237668,0
17,7,14,24.476427038791297,28.35845343622518,0,342.6699785430782,0
17,8,16,12.443713087686566,37.8713758000917,0,199.09940940298506,0
17,9,13,12.436190019926588,33.83696961501937,0,161.67047025904566,0
17,10,20,10.213860345486207,42.0936379374656,0,204.27720690972416,0
17,11,16,14.960956888105523,25.28253942520096,0,239.37531020968837,0
17,12,8,12.581177534886265,38.92511967353831,0,100.64942027909012,0
17,13,9,15.739088216652286,35.629629802835126,0,141.65179394987058,0
17,14,16,34.36939548937478,35.07486713747565,0,549.9103278299965,1
17,15,19,25.80106565423049,36.0205917228237,1,490.22024743037935,1
17,16,11,12.945692396410832,25.666457470352306,1,142.40261636051915,0
17,17,20,11.940107844090514,31.633155768964475,0,238.80215688181028,0
17,18,21,53.12233902975737,41.33087027400902,1,1115.5691196249047,1
17,19,11,24.66228226351919,35.164475234676175,1,271.2851048987111,0
17,20,11,17.89399642380851,22.904557089020138,0,196.8339606618936,0
17,21,15,15.350946311798575,35.555923971782335,0,230.26419467697863,0
17,22,15,27.874210734586317,22.252518585158,1,418.11316101879476,0
17,23,11,30.760589892607214,45.44688905915667,1,338.3664888186794,0
17,24,14,10.863496251078855,26.381516742120976,1,152.08894751510397,0
17,25,24,14.906454335186533,29.02858126559505,1,357.7549040444768,0
17,26,13,17.294855957413557,30.133830637673068,1,224.83312744637624,0
17,27,15,15.131863776627087,24.584823738853746,0,226.9779566494063,0
17,28,9,30.441548220715053,43.462267420832774,0,273.9739339864355,0
17,29,18,33.473621019542335,27.224203192809682,0,602.5251783517621,1
17,30,16,31.79971817511729,30.427675474225705,0,508.79549080187667,1
17,31,18,24.801150348750234,41.75119795979071,0,446.4207062775042,0
17,32,15,38.67123159806159,31.30320254910708,0,580.0684739709238,1
17,33,8,16.901758119791573,27.965677923725664,1,135.21406495833259,0
17,34,12,25.65214689022526,26.982357738560587,1,307.82576268270316,0
17,35,13,20.654474317803146,31.92341136023626,0,268.5081661314409,0
17,36,17,17.20457166546301,37.32449305894764,0,292.47771831287116,0
17,37,18,14.388157287279704,35.06073223821603,1,258.9868311710347,0
17,38,13,13.922629674162339,41.06730523001934,0,180.9941857641104,0
17,39,13,26.09155223732539,30.384840207781462,1,339.1901790852301,0
17,40,14,10.911744159449636,33.86033062440259,1,152.7644182322949,0
17,41,18,27.62337519151846,32.547786078,0,497.22075344733224,1
17,42,14,45.06698873315468,42.851943614589544,0,630.9378422641655,1
17,43,22,28.551802431738647,26.23010313638629,0,628.1396534982503,1
17,44,8,58.99568695002037,31.78255004453871,1,471.96549560016297,0
17,45,11,28.76641934097837,36.8186908467879,0,316.43061275076207,0
17,46,14,18.562186144586978,46.957885246357044,0,259.8706060242177,0
17,47,11,25.537047749160703,28.58116185383303,1,280.9075252407677,0
17,48,17,11.851401874857357,34.79143912637082,1,201.47383187257506,0
17,49,7,41.909701747354845,36.24627680693707,0,293.3679122314839,0
17,50,11,14.157611432851896,31.20309512062232,0,155.73372576137086,0
17,51,24,32.318929853935266,26.631929591604614,0,775.6543164944464,1
17,52,17,26.139536114182654,23.66853748629002,0,444.3721139411051,0
17,53,12,28.02606124454863,31.03197364257152,1,336.31273493458355,0
17,54,13,26.815746255339697,32.40245354427372,1,348.60470131941605,0
17,55,20,14.817732680740077,39.186652935043604,1,296.3546536148015,0
17,56,6,27.01156624333571,33.34313003085239,0,162.06939746001427,0
17,57,16,28.829911660473037,35.842609691340655,1,461.2785865675686,0
17,58,13,21.240284251043814,24.654455456931174,0,276.1236952635696,0
17,59,14,11.084173612620793,35.47258358987026,0,155.1784305766911,0
17,60,19,19.590797152506596,26.867398711818492,1,372.22514589762534,0
18,1,14,10.150156278711785,39.14716954552323,1,142.10218790196498,0
18,2,13,28.524044291996052,26.304061936765688,0,370.8125757959487,0
18,3,14,34.8818547692515,40.709799420722725,0,488.34596676952094,1
18,4,8,17.66984629892638,41.33164591934525,0,141.35877039141104,0
18,5,17,9.500754128570252,38.74603970948539,0,161.5128201856943,0
18,6,16,38.10973603000205,36.89260399115416,1,609.7557764800328,1
18,7,15,11.116960416672688,36.59137342305118,1,166.7544062500903,0
18,8,8,17.700951097388955,39.45367521908937,1,141.60760877911164,0
18,9,14,19.843640601155933,32.199480522712655,0,277.8109684161831,0
18,10,13,36.64311761718871,32.540240964534405,0,476.3605290234532,0
18,11,11,7.062849278223889,25.66094496433212,0,77.69134206046279,0
18,12,22,18.44643038319183,27.117428384614108,0,405.8214684302203,0
18,13,12,25.61280433506414,33.599616565823226,0,307.3536520207697,0
18,14,13,7.57849114414304,28.5463508715725,0,98.52038487385953,0
18,15,17,41.0033053662823,30.081159006223753,0,697.0561912267991,1
18,16,10,16.285621853661716,23.96026905407043,1,162.85621853661718,0
18,17,12,27.489473478179754,26.163695129994046,0,329.8736817381571,0
18,18,14,17.465827687585104,27.667728177923927,1,244.52158762619146,0
18,19,21,31.872842280409603,35.69409506339827,1,669.3296878886017,1
18,20,11,11.878004626391993,23.95058559062249,0,130.65805089031193,0
18,21,14,15.89098461893919,30.65013522418008,1,222.47378466514866,0
18,22,14,13.744206241130838,22.3256617741352,0,192.41888737583173,0
18,23,13,35.98799004139316,32.10655865135857,0,467.8438705381111,0
18,24,17,26.192885575743475,32.89316915164461,0,445.2790547876391,0
18,25,15,31.04299944634525,26.388808208851856,1,465.64499169517876,0
18,26,9,32.27866701956654,28.642515244326127,0,290.5080031760989,0
18,27,11,22.09736260079932,24.096084110277484,0,243.0709886087925,0
18,28,14,19.723970958738096,33.78139046118061,0,276.13559342233333,0
18,29,10,10.277571168317628,25.90758141204828,1,102.77571168317628,0
18,30,17,24.93090866131419,26.378713412765464,0,423.8254472423413,0
18,31,16,13.11565581418893,28.5459221286894,1,209.85049302702288,0
18,32,10,25.474623641173213,36.65713795414756,0,254.74623641173213,0
18,33,20,13.31594240007888,31.062108042607413,0,266.3188480015776,0
18,34,14,10.917399126710775,31.041682458957784,0,152.84358777395084,0
18,35,9,12.016710517655998,39.00327789887888,1,108.15039465890398,0
18,36,10,16.66591935457654,25.633960193057302,0,166.65919354576542,0
18,37,17,30.3731111171314,33.643336777860085,0,516.3428889912338,1
18,38,13,21.736375688307188,35.389312459496324,0,282.57288394799343,0
18,39,20,46.148590375449224,37.92341551084117,0,922.9718075089845,1
18,40,10,23.397321810381797,37.04109572953668,0,233.97321810381797,0
18,41,14,34.7532662053635,34.89204036596113,0,486.54572687508903,1
18,42,18,6.715196379300583,26.012033493880452,1,120.87353482741048,0
18,43,18,32.829961913002435,30.251686681741838,1,590.9393144340438,1
18,44,7,9.973829758085158,34.33219097758301,0,69.8168083065961,0
18,45,11,16.562873998136833,39.80788090258052,0,182.19161397950518,0
18,46,17,24.95942042415791,27.890085463127996,0,424.3101472106844,0
18,47,19,19.574712129442098,26.54489808937965,0,371.9195304593999,0
18,48,22,25.83022155013267,41.103871399324184,1,568.2648741029187,1
18,49,12,12.556875686317639,38.58747041863827,0,150.68250823581167,0
18,50,14,35.14992409454886,30.749493477754324,0,492.098937323684,1
18,51,13,40.014216910580984,30.431172420237832,0,520.1848198375528,1
18,52,16,21.283077930673695,29.124518698031025,1,340.5292468907791,0
18,53,17,17.98393336077464,34.86268779924977,0,305.72686713316887,0
18,54,14,20.79442457151148,24.94390223546973,0,291.1219440011607,0
18,55,22,14.458951778688592,23.35706253489478,1,318.09693913114904,0
18,56,14,19.599763200782817,28.540337178753575,1,274.3966848109594,0
18,57,10,8.18397859915988,28.61619953169284,0,81.8397859915988,0
18,58,13,17.029632317323124,29.060900367868378,1,221.38522012520062,0
18,59,15,20.17394312587083,23.355383325276105,0,302.60914688806247,0
18,60,14,17.834920147687587,44.2563301408504,0,249.68888206762622,0
19,1,7,18.302501775103813,31.924584187461054,0,128.1175124257267,0
19,2,12,9.027745052406411,32.744034676494444,1,108.33294062887694,0
19,3,16,28.947976737074047,45.608956794884975,1,463.16762779318475,0
19,4,15,26.290758211021913,22.89003726252377,0,394.3613731653287,0
19,5,13,45.23822866961069,29.161336107037677,0,588.0969727049389,1
19,6,8,24.326933106897453,37.756491506629345,0,194.61546485517962,0
19,7,14,35.19594061080582,36.23502434121629,1,492.7431685512815,1
19,8,12,18.295598629001336,32.890153303410294,1,219.54718354801605,0
19,9,19,16.985804385393344,30.799257850150727,1,322.73028332247355,0
19,10,17,10.272471458656389,47.35847393216396,0,174.6320147971586,0
19,11,6,11.139955661236167,44.3909961485506,1,66.839733967417,0
19,12,11,17.996283670405035,37.07210358433141,1,197.95912037445538,0
19,13,19,23.741373831832853,33.61776370660355,0,451.0861028048242,0
19,14,9,42.0574251195076,28.98100570613904,0,378.51682607556836,0
19,15,17,32.399646137147826,45.6743571976737,0,550.793984331513,1
19,16,7,64.22141056059183,40.23566194612563,1,449.54987392414284,0
19,17,13,10.014367476644793,23.51065656062603,0,130.1867771963823,0
19,18,11,47.08954675029349,44.45692311212905,0,517.9850142532284,1
19,19,18,13.688663123116571,43.70871989801627,1,246.39593621609828,0
19,20,14,20.780938216427685,33.17462133721236,0,290.9331350299876,0
19,21,15,19.688856348880076,44.55042542518051,0,295.33284523320117,0
19,22,13,9.95306174467486,34.58168797733263,0,129.3898026807732,0
19,23,13,17.65801445776027,28.156828279427238,1,229.55418795088352,0
19,24,10,19.398258099451034,32.24252010860533,0,193.98258099451033,0
19,25,8,21.645530262792793,40.65704872893205,0,173.16424210234234,0
19,26,18,21.092416901963748,32.82698108033464,0,379.6635042353475,0
19,27,18,14.208276016286787,38.843112466857164,0,255.74896829316216,0
19,28,12,14.446907279573374,33.652899178346246,1,173.36288735488048,0
19,29,21,18.875355160696106,35.91416491002756,1,396.38245837461824,0
19,30,13,18.070989910511535,27.519970467938577,1,234.92286883664997,0
19,31,24,13.005294015227326,33.73599046599459,0,312.1270563654558,0
19,32,9,19.976696745167363,30.011573129731744,0,179.79027070650628,0
19,33,15,29.883311820017834,30.50055979582781,0,448.24967730026754,0
19,34,11,32.68156392973934,27.425891653164925,0,359.49720322713273,0
19,35,9,26.439037024130656,30.813482301281486,0,237.9513332171759,0
19,36,15,49.43778694129202,24.853139245486673,1,741.5668041193803,1
19,37,20,33.79170797886134,41.57535649318921,1,675.8341595772267,1
19,38,17,7.55701004176547,35.910730796840824,0,128.469170710013,0
19,39,14,26.52296730589699,31.899593922475546,0,371.32154228255786,0
19,40,13,14.944713206156614,37.72805681413796,0,194.28127168003599,0
19,41,9,21.643994914768033,33.269432921950006,0,194.7959542329123,0
19,42,12,29.529067134086837,33.08763025416455,0,354.3488056090421,0
19,43,9,18.40003809600762,41.152667142891644,1,165.60034286406858,0
19,44,11,24.524161146731004,25.52758351747984,1,269.76577261404105,0
19,45,10,49.02780173673987,25.828324542931494,0,490.27801736739866,1
19,46,14,20.22107105583021,39.5604782119644,0,283.0949947816229,0
19,47,15,11.845932977439382,35.83875514508772,0,177.68899466159073,0
19,48,16,17.663978226385336,42.52470377870559,0,282.62365162216537,0
19,49,8,29.23703974076866,32.586161585057,1,233.8963179261493,0
19,50,11,27.860655977026596,42.19988117663468,1,306.4672157472926,0
19,51,12,15.904794330962329,28.680875611442673,0,190.85753197154793,0
19,52,9,9.568799791932888,33.980333609129076,0,86.11919812739599,0
19,53,12,23.01648500004704,29.97999051278626,1,276.1978200005645,0
19,54,9,24.747699740324165,30.18526362077192,1,222.72929766291747,0
19,55,11,10.299226526648312,33.665297529397996,0,113.29149179313143,0
19,56,16,28.848796596484732,40.98012152613122,0,461.5807455437557,0
19,57,16,9.62876742515825,33.449793268657,0,154.060278802532,0
19,58,17,10.682587849124987,36.07960808487082,1,181.60399343512478,0
19,59,15,10.930440953965821,39.29089748952505,0,163.95661430948732,0
19,60,15,39.713383897840515,30.696465243057286,0,595.7007584676078,1
20,1,13,20.9007860324373,35.74797288783771,1,271.7102184216849,0
20,2,8,29.353512284194913,36.78410062655399,1,234.8280982735593,0
20,3,19,18.83059503299607,28.31987842832551,0,357.7813056269253,0
20,4,17,13.120408422994139,39.828900280128074,0,223.04694319090035,0
20,5,15,14.463891860835792,45.196483967827916,1,216.9583779125369,0
20,6,13,17.63429312711831,43.68122346889141,0,229.245810652538,0
20,7,10,34.53934544913598,32.287458980043425,1,345.39345449135976,0
20,8,16,22.31259952671553,47.92618202563128,0,357.0015924274485,0
20,9,11,15.342389934003062,20.65460134719768,0,168.76628927403368,0
20,10,18,17.681634725738597,49.310347454194876,0,318.26942506329476,0
20,11,11,15.544905193914694,38.85118962239093,1,170.99395713306163,0
20,12,26,13.453458424762953,41.560718476579595,0,349.7899190438368,0
20,13,9,11.858942831873565,31.504020829050482,0,106.73048548686208,0
20,14,17,24.8760923979643,47.46385470917595,0,422.89357076539306,0
20,15,12,7.3931622041580605,37.25418301788939,1,88.71794644989673,0
20,16,21,20.430212153245566,40.53153224560381,0,429.0344552181569,0
20,17,18,8.88169624627326,32.12354624845172,0,159.87053243291868,0
20,18,24,12.77545923681546,25.42340865446095,0,306.61102168357104,0
20,19,6,18.26304424369582,31.559570487253197,1,109.57826546217493,0
20,20,17,9.499856238448759,30.005563887555567,0,161.4975560536289,0
20,21,17,11.610267519029257,28.406532006621422,1,197.37454782349738,0
20,22,14,19.415356190209405,46.146004822314275,1,271.8149866629317,0
20,23,10,12.751069680511344,43.59115020178442,0,127.51069680511344,0
20,24,14,46.63085363904572,42.41502777115849,0,652.8319509466401,1
20,25,12,10.325818758369314,34.488927391316246,0,123.90982510043176,0
20,26,11,6.759954328565297,42.58690782204496,1,74.35949761421827,0
20,27,15,22.642162354218485,24.6445683539952,1,339.63243531327726,0
20,28,23,28.977716577260264,33.249362427560825,0,666.487481276986,1
20,29,13,26.23731015063502,32.73279293466848,0,341.0850319582553,0
20,30,15,21.02152269516535,40.70242578705492,0,315.32284042748023,0
20,31,10,13.70699938910414,38.18221833403298,0,137.0699938910414,0
20,32,12,31.127353483267914,44.16197891542609,1,373.528241799215,0
20,33,10,20.428916278772093,32.00971179821735,1,204.28916278772093,0
20,34,21,11.076171976770464,32.536975227967915,1,232.59961151217973,0
20,35,18,13.65901646189955,28.301498967353396,0,245.86229631419192,0
20,36,11,8.273148846970017,28.32428934855217,1,91.00463731667018,0
20,37,19,23.829221149834712,27.7568935712965,0,452.7552018468595,0
20,38,11,19.491553719677533,30.702833340682158,1,214.40709091645286,0
20,39,15,23.570185699911974,34.81222774452775,0,353.5527854986796,0
20,40,13,9.939615121456304,36.54051738892022,0,129.21499657893196,0
20,41,12,11.963320889340178,44.39412764258766,0,143.55985067208212,0
20,42,12,18.142720927823397,32.64399687570201,0,217.71265113388077,0
20,43,16,42.8507181348382,26.399289306249145,0,685.6114901574113,1
20,44,19,24.309496694695042,37.81953542329298,0,461.8804371992058,0
20,45,13,15.781576486764322,33.4005837084651,0,205.1604943279362,0
20,46,14,34.79562563448353,44.72953283807068,0,487.13875888276937,1
20,47,12,16.354245573648864,35.727012674939374,0,196.25094688378636,0
20,48,10,33.475421803031956,24.26672247576576,0,334.7542180303196,0
20,49,14,28.54755436923187,38.28444813164599,0,399.6657611692462,0
20,50,10,26.22212864210283,43.746458944428426,1,262.2212864210283,0
20,51,18,11.87446130507701,26.87106068994978,0,213.74030349138616,0
20,52,22,5.663914958415131,28.484378063069173,0,124.60612908513289,0
20,53,21,27.62725833322502,30.185159635779897,0,580.1724249977254,1
20,54,12,22.859914143837294,33.27076391858097,0,274.3189697260475,0
20,55,11,29.2742922054356,29.159812059422016,0,322.0172142597916,0
20,56,14,14.771957326178255,28.509107541408206,0,206.80740256649557,0
20,57,12,38.77416388071374,45.07610810085562,1,465.2899665685649,0
20,58,15,22.314755682871425,23.46709185117441,1,334.7213352430714,0
20,59,13,10.845870195839321,34.23506938038193,0,140.99631254591117,0
20,60,13,32.3376111686237,28.915723103968233,0,420.3889451921081,0
